audit,year,healthboard,hospital,data_item_name,accuracy_hospital,accuracy_scotland
SMR01,2004-2006,Ayrshire & Arran,Crosshouse,Specialty,NA,NA
SMR01,2004-2006,Ayrshire & Arran,Crosshouse,Date of Main Operation,94,91.8
SMR01,2004-2006,Ayrshire & Arran,Crosshouse,Ethnicity,NA,NA
SMR01,2004-2006,Ayrshire & Arran,Crosshouse,Main Operation (3-digit),95,93.2
SMR01,2004-2006,Ayrshire & Arran,Crosshouse,Main Operation (4-digit),67,84
SMR01,2004-2006,Ayrshire & Arran,Crosshouse,Clinician Responsible for Main Operation,NA,80.5
SMR01,2004-2006,Ayrshire & Arran,Crosshouse,Consultant/HCP Responsible for Care,90,90.9
SMR01,2004-2006,Ayrshire & Arran,Crosshouse,Main Condition (3-digit),89,87.8
SMR01,2004-2006,Ayrshire & Arran,Crosshouse,Main Condition (4-digit),84,81
SMR01,2004-2006,Ayrshire & Arran,Crosshouse,Admission Type,NA,NA
SMR01,2004-2006,Ayrshire & Arran,Crosshouse,Discharge Type,NA,NA
SMR01,2004-2006,Ayrshire & Arran,Crosshouse,Discharge Transfer To,NA,NA
SMR01,2004-2006,Ayrshire & Arran,Crosshouse,Admission Transfer From,NA,NA
SMR01,2004-2006,Ayrshire & Arran,Crosshouse,Common Conditions (Adults) *,NA,NA
SMR01,2004-2006,Ayrshire & Arran,Crosshouse,Common Conditions (Paediatrics) *,NA,NA
SMR01,2004-2006,Ayrshire & Arran,Ayr Hospital,Specialty,NA,NA
SMR01,2004-2006,Ayrshire & Arran,Ayr Hospital,Date of Main Operation,91,91.8
SMR01,2004-2006,Ayrshire & Arran,Ayr Hospital,Ethnicity,NA,NA
SMR01,2004-2006,Ayrshire & Arran,Ayr Hospital,Main Operation (3-digit),92,93.2
SMR01,2004-2006,Ayrshire & Arran,Ayr Hospital,Main Operation (4-digit),85,84
SMR01,2004-2006,Ayrshire & Arran,Ayr Hospital,Clinician Responsible for Main Operation,NA,80.5
SMR01,2004-2006,Ayrshire & Arran,Ayr Hospital,Consultant/HCP Responsible for Care,88,90.9
SMR01,2004-2006,Ayrshire & Arran,Ayr Hospital,Main Condition (3-digit),85,87.8
SMR01,2004-2006,Ayrshire & Arran,Ayr Hospital,Main Condition (4-digit),82,81
SMR01,2004-2006,Ayrshire & Arran,Ayr Hospital,Admission Type,NA,NA
SMR01,2004-2006,Ayrshire & Arran,Ayr Hospital,Discharge Type,NA,NA
SMR01,2004-2006,Ayrshire & Arran,Ayr Hospital,Discharge Transfer To,NA,NA
SMR01,2004-2006,Ayrshire & Arran,Ayr Hospital,Admission Transfer From,NA,NA
SMR01,2004-2006,Ayrshire & Arran,Ayr Hospital,Common Conditions (Adults) *,NA,NA
SMR01,2004-2006,Ayrshire & Arran,Ayr Hospital,Common Conditions (Paediatrics) *,NA,NA
SMR02,2017-2018,Ayrshire & Arran,Crosshouse,Indication for Operative Delivery (3-digits),96,92.2
SMR02,2017-2018,Ayrshire & Arran,Crosshouse,Main Condition (3-digits),88,71.8
SMR02,2017-2018,Ayrshire & Arran,Crosshouse,Other Conditions (3-digits),86,71
SMR02,2017-2018,Ayrshire & Arran,Crosshouse,Indication for Operative Delivery (4-digits),93,86.7
SMR02,2017-2018,Ayrshire & Arran,Crosshouse,Main Condition (4-digits),87,69.4
SMR02,2017-2018,Ayrshire & Arran,Crosshouse,Other Conditions (4-digits),86,69.7
SMR02,2017-2018,Ayrshire & Arran,Crosshouse,Ethnic Group,89.041095890411,75.2
SMR02,2017-2018,Ayrshire & Arran,Crosshouse,Specialty/Discipline,97.3333333333333,93.6
SMR02,2017-2018,Ayrshire & Arran,Crosshouse,Transfer of Responsibility Midwife to Consultant,93.3333333333333,67.8
SMR02,2017-2018,Ayrshire & Arran,Crosshouse,Booking Date,98.6666666666667,91.5
SMR02,2017-2018,Ayrshire & Arran,Crosshouse,Original Booking,100,97.5
SMR02,2017-2018,Ayrshire & Arran,Crosshouse,Drugs Misuse During This Pregnancy,98.6666666666667,87.9
SMR02,2017-2018,Ayrshire & Arran,Crosshouse,Drugs Used,98.6666666666667,87.4
SMR02,2017-2018,Ayrshire & Arran,Crosshouse,Ever Injected Illicit Drugs,100,87.9
SMR02,2017-2018,Ayrshire & Arran,Crosshouse,Smoking History at Booking,97.2972972972973,92.7
SMR02,2017-2018,Ayrshire & Arran,Crosshouse,Smoker during pregnancy,96,92.4
SMR02,2017-2018,Ayrshire & Arran,Crosshouse,Height,95.8904109589041,96.4
SMR02,2017-2018,Ayrshire & Arran,Crosshouse,Weight of Mother at Booking,95.945945945946,91.4
SMR02,2017-2018,Ayrshire & Arran,Crosshouse,Diabetes,98.6666666666667,97.4
SMR02,2017-2018,Ayrshire & Arran,Crosshouse,Estimated Gestation,96,95.1
SMR02,2017-2018,Ayrshire & Arran,Crosshouse,Induction of Labour,96,92.6
SMR02,2017-2018,Ayrshire & Arran,Crosshouse,Presentation at delivery (Babies 1 to 3),100,81.2
SMR02,2017-2018,Ayrshire & Arran,Crosshouse,Mode of Delivery (Babies 1 to 3),100,98.1
SMR02,2017-2018,Ayrshire & Arran,Crosshouse,Birthweight (Babies 1 to 3),100,99
SMR02,2017-2018,Ayrshire & Arran,Crosshouse,Neonatal Indicator (Babies 1 to 3),97.3333333333333,93.4
SMR02,2017-2018,Ayrshire & Arran,Crosshouse,Feed on Discharge (Babies 1 to 3),97.3333333333333,92.2
SMR02,2017-2018,Ayrshire & Arran,Crosshouse,First Feed Given (Babies 1 to 3),93.3333333333333,92
SMR01,2004-2006,Borders,Borders General Hospital,Specialty,NA,NA
SMR01,2004-2006,Borders,Borders General Hospital,Date of Main Operation,80,91.8
SMR01,2004-2006,Borders,Borders General Hospital,Ethnicity,NA,NA
SMR01,2004-2006,Borders,Borders General Hospital,Main Operation (3-digit),86,93.2
SMR01,2004-2006,Borders,Borders General Hospital,Main Operation (4-digit),83,84
SMR01,2004-2006,Borders,Borders General Hospital,Clinician Responsible for Main Operation,NA,80.5
SMR01,2004-2006,Borders,Borders General Hospital,Consultant/HCP Responsible for Care,94,90.9
SMR01,2004-2006,Borders,Borders General Hospital,Main Condition (3-digit),89,87.8
SMR01,2004-2006,Borders,Borders General Hospital,Main Condition (4-digit),81,81
SMR01,2004-2006,Borders,Borders General Hospital,Admission Type,NA,NA
SMR01,2004-2006,Borders,Borders General Hospital,Discharge Type,NA,NA
SMR01,2004-2006,Borders,Borders General Hospital,Discharge Transfer To,NA,NA
SMR01,2004-2006,Borders,Borders General Hospital,Admission Transfer From,NA,NA
SMR01,2004-2006,Borders,Borders General Hospital,Common Conditions (Adults) *,NA,NA
SMR01,2004-2006,Borders,Borders General Hospital,Common Conditions (Paediatrics) *,NA,NA
SMR02,2017-2018,Borders,Borders General Hospital,Indication for Operative Delivery (3-digits),86,92.2
SMR02,2017-2018,Borders,Borders General Hospital,Main Condition (3-digits),22,71.8
SMR02,2017-2018,Borders,Borders General Hospital,Other Conditions (3-digits),32,71
SMR02,2017-2018,Borders,Borders General Hospital,Indication for Operative Delivery (4-digits),84,86.7
SMR02,2017-2018,Borders,Borders General Hospital,Main Condition (4-digits),22,69.4
SMR02,2017-2018,Borders,Borders General Hospital,Other Conditions (4-digits),32,69.7
SMR02,2017-2018,Borders,Borders General Hospital,Ethnic Group,52,75.2
SMR02,2017-2018,Borders,Borders General Hospital,Specialty/Discipline,98,93.6
SMR02,2017-2018,Borders,Borders General Hospital,Transfer of Responsibility Midwife to Consultant,NA,67.8
SMR02,2017-2018,Borders,Borders General Hospital,Booking Date,90,91.5
SMR02,2017-2018,Borders,Borders General Hospital,Original Booking,95.83333333333333,97.5
SMR02,2017-2018,Borders,Borders General Hospital,Drugs Misuse During This Pregnancy,98,87.9
SMR02,2017-2018,Borders,Borders General Hospital,Drugs Used,98,87.4
SMR02,2017-2018,Borders,Borders General Hospital,Ever Injected Illicit Drugs,96,87.9
SMR02,2017-2018,Borders,Borders General Hospital,Smoking History at Booking,88,92.7
SMR02,2017-2018,Borders,Borders General Hospital,Smoker during pregnancy,92,92.4
SMR02,2017-2018,Borders,Borders General Hospital,Height,100,96.4
SMR02,2017-2018,Borders,Borders General Hospital,Weight of Mother at Booking,87.75510204081633,91.4
SMR02,2017-2018,Borders,Borders General Hospital,Diabetes,98,97.4
SMR02,2017-2018,Borders,Borders General Hospital,Estimated Gestation,100,95.1
SMR02,2017-2018,Borders,Borders General Hospital,Induction of Labour,94,92.6
SMR02,2017-2018,Borders,Borders General Hospital,Presentation at delivery (Babies 1 to 3),78,81.2
SMR02,2017-2018,Borders,Borders General Hospital,Mode of Delivery (Babies 1 to 3),98,98.1
SMR02,2017-2018,Borders,Borders General Hospital,Birthweight (Babies 1 to 3),98,99
SMR02,2017-2018,Borders,Borders General Hospital,Neonatal Indicator (Babies 1 to 3),98,93.4
SMR02,2017-2018,Borders,Borders General Hospital,Feed on Discharge (Babies 1 to 3),94,92.2
SMR02,2017-2018,Borders,Borders General Hospital,First Feed Given (Babies 1 to 3),42.00000000000001,92
SMR02,2017-2018,Dumfries & Galloway,Dumfries & Galloway Royal Infirmary,Indication for Operative Delivery (3-digits),96,92.2
SMR02,2017-2018,Dumfries & Galloway,Dumfries & Galloway Royal Infirmary,Main Condition (3-digits),56,71.8
SMR02,2017-2018,Dumfries & Galloway,Dumfries & Galloway Royal Infirmary,Other Conditions (3-digits),38,71
SMR02,2017-2018,Dumfries & Galloway,Dumfries & Galloway Royal Infirmary,Indication for Operative Delivery (4-digits),88,86.7
SMR02,2017-2018,Dumfries & Galloway,Dumfries & Galloway Royal Infirmary,Main Condition (4-digits),54,69.4
SMR02,2017-2018,Dumfries & Galloway,Dumfries & Galloway Royal Infirmary,Other Conditions (4-digits),37,69.7
SMR02,2017-2018,Dumfries & Galloway,Dumfries & Galloway Royal Infirmary,Ethnic Group,42.85714285714286,75.2
SMR02,2017-2018,Dumfries & Galloway,Dumfries & Galloway Royal Infirmary,Specialty/Discipline,100,93.6
SMR02,2017-2018,Dumfries & Galloway,Dumfries & Galloway Royal Infirmary,Transfer of Responsibility Midwife to Consultant,22.916666666666657,67.8
SMR02,2017-2018,Dumfries & Galloway,Dumfries & Galloway Royal Infirmary,Booking Date,97.67441860465117,91.5
SMR02,2017-2018,Dumfries & Galloway,Dumfries & Galloway Royal Infirmary,Original Booking,96,97.5
SMR02,2017-2018,Dumfries & Galloway,Dumfries & Galloway Royal Infirmary,Drugs Misuse During This Pregnancy,100,87.9
SMR02,2017-2018,Dumfries & Galloway,Dumfries & Galloway Royal Infirmary,Drugs Used,98,87.4
SMR02,2017-2018,Dumfries & Galloway,Dumfries & Galloway Royal Infirmary,Ever Injected Illicit Drugs,100,87.9
SMR02,2017-2018,Dumfries & Galloway,Dumfries & Galloway Royal Infirmary,Smoking History at Booking,100,92.7
SMR02,2017-2018,Dumfries & Galloway,Dumfries & Galloway Royal Infirmary,Smoker during pregnancy,95.74468085106383,92.4
SMR02,2017-2018,Dumfries & Galloway,Dumfries & Galloway Royal Infirmary,Height,97.95918367346938,96.4
SMR02,2017-2018,Dumfries & Galloway,Dumfries & Galloway Royal Infirmary,Weight of Mother at Booking,89.79591836734694,91.4
SMR02,2017-2018,Dumfries & Galloway,Dumfries & Galloway Royal Infirmary,Diabetes,98,97.4
SMR02,2017-2018,Dumfries & Galloway,Dumfries & Galloway Royal Infirmary,Estimated Gestation,100,95.1
SMR02,2017-2018,Dumfries & Galloway,Dumfries & Galloway Royal Infirmary,Induction of Labour,83.33333333333334,92.6
SMR02,2017-2018,Dumfries & Galloway,Dumfries & Galloway Royal Infirmary,Presentation at delivery (Babies 1 to 3),98,81.2
SMR02,2017-2018,Dumfries & Galloway,Dumfries & Galloway Royal Infirmary,Mode of Delivery (Babies 1 to 3),96,98.1
SMR02,2017-2018,Dumfries & Galloway,Dumfries & Galloway Royal Infirmary,Birthweight (Babies 1 to 3),100,99
SMR02,2017-2018,Dumfries & Galloway,Dumfries & Galloway Royal Infirmary,Neonatal Indicator (Babies 1 to 3),95.91836734693878,93.4
SMR02,2017-2018,Dumfries & Galloway,Dumfries & Galloway Royal Infirmary,Feed on Discharge (Babies 1 to 3),91.66666666666667,92.2
SMR02,2017-2018,Dumfries & Galloway,Dumfries & Galloway Royal Infirmary,First Feed Given (Babies 1 to 3),89.79591836734694,92
SMR01,2004-2006,Fife,Victoria Hospital,Specialty,NA,NA
SMR01,2004-2006,Fife,Victoria Hospital,Date of Main Operation,95,91.8
SMR01,2004-2006,Fife,Victoria Hospital,Ethnicity,NA,NA
SMR01,2004-2006,Fife,Victoria Hospital,Main Operation (3-digit),95,93.2
SMR01,2004-2006,Fife,Victoria Hospital,Main Operation (4-digit),94,84
SMR01,2004-2006,Fife,Victoria Hospital,Clinician Responsible for Main Operation,88,80.5
SMR01,2004-2006,Fife,Victoria Hospital,Consultant/HCP Responsible for Care,81,90.9
SMR01,2004-2006,Fife,Victoria Hospital,Main Condition (3-digit),92,87.8
SMR01,2004-2006,Fife,Victoria Hospital,Main Condition (4-digit),84,81
SMR01,2004-2006,Fife,Victoria Hospital,Admission Type,NA,NA
SMR01,2004-2006,Fife,Victoria Hospital,Discharge Type,NA,NA
SMR01,2004-2006,Fife,Victoria Hospital,Discharge Transfer To,NA,NA
SMR01,2004-2006,Fife,Victoria Hospital,Admission Transfer From,NA,NA
SMR01,2004-2006,Fife,Victoria Hospital,Common Conditions (Adults) *,NA,NA
SMR01,2004-2006,Fife,Victoria Hospital,Common Conditions (Paediatrics) *,NA,NA
SMR02,2017-2018,Fife,Forth Park Hospital,Indication for Operative Delivery (3-digits),96,92.2
SMR02,2017-2018,Fife,Forth Park Hospital,Main Condition (3-digits),95,71.8
SMR02,2017-2018,Fife,Forth Park Hospital,Other Conditions (3-digits),87,71
SMR02,2017-2018,Fife,Forth Park Hospital,Indication for Operative Delivery (4-digits),92,86.7
SMR02,2017-2018,Fife,Forth Park Hospital,Main Condition (4-digits),93,69.4
SMR02,2017-2018,Fife,Forth Park Hospital,Other Conditions (4-digits),86,69.7
SMR02,2017-2018,Fife,Forth Park Hospital,Ethnic Group,69.8630136986301,75.2
SMR02,2017-2018,Fife,Forth Park Hospital,Specialty/Discipline,49.3333333333333,93.6
SMR02,2017-2018,Fife,Forth Park Hospital,Transfer of Responsibility Midwife to Consultant,84,67.8
SMR02,2017-2018,Fife,Forth Park Hospital,Booking Date,100,91.5
SMR02,2017-2018,Fife,Forth Park Hospital,Original Booking,98.6666666666667,97.5
SMR02,2017-2018,Fife,Forth Park Hospital,Drugs Misuse During This Pregnancy,100,87.9
SMR02,2017-2018,Fife,Forth Park Hospital,Drugs Used,98.6666666666667,87.4
SMR02,2017-2018,Fife,Forth Park Hospital,Ever Injected Illicit Drugs,98.6666666666667,87.9
SMR02,2017-2018,Fife,Forth Park Hospital,Smoking History at Booking,97.2972972972973,92.7
SMR02,2017-2018,Fife,Forth Park Hospital,Smoker during pregnancy,91.8918918918919,92.4
SMR02,2017-2018,Fife,Forth Park Hospital,Height,94.6666666666667,96.4
SMR02,2017-2018,Fife,Forth Park Hospital,Weight of Mother at Booking,92,91.4
SMR02,2017-2018,Fife,Forth Park Hospital,Diabetes,98.6666666666667,97.4
SMR02,2017-2018,Fife,Forth Park Hospital,Estimated Gestation,94.5945945945946,95.1
SMR02,2017-2018,Fife,Forth Park Hospital,Induction of Labour,96,92.6
SMR02,2017-2018,Fife,Forth Park Hospital,Presentation at delivery (Babies 1 to 3),98.6666666666667,81.2
SMR02,2017-2018,Fife,Forth Park Hospital,Mode of Delivery (Babies 1 to 3),100,98.1
SMR02,2017-2018,Fife,Forth Park Hospital,Birthweight (Babies 1 to 3),98.6666666666667,99
SMR02,2017-2018,Fife,Forth Park Hospital,Neonatal Indicator (Babies 1 to 3),94.6666666666667,93.4
SMR02,2017-2018,Fife,Forth Park Hospital,Feed on Discharge (Babies 1 to 3),94.6666666666667,92.2
SMR02,2017-2018,Fife,Forth Park Hospital,First Feed Given (Babies 1 to 3),96,92
SMR02,2017-2018,Forth Valley,Forth Valley Royal Hospital,Indication for Operative Delivery (3-digits),95,92.2
SMR02,2017-2018,Forth Valley,Forth Valley Royal Hospital,Main Condition (3-digits),60,71.8
SMR02,2017-2018,Forth Valley,Forth Valley Royal Hospital,Other Conditions (3-digits),45,71
SMR02,2017-2018,Forth Valley,Forth Valley Royal Hospital,Indication for Operative Delivery (4-digits),84,86.7
SMR02,2017-2018,Forth Valley,Forth Valley Royal Hospital,Main Condition (4-digits),60,69.4
SMR02,2017-2018,Forth Valley,Forth Valley Royal Hospital,Other Conditions (4-digits),45,69.7
SMR02,2017-2018,Forth Valley,Forth Valley Royal Hospital,Ethnic Group,76,75.2
SMR02,2017-2018,Forth Valley,Forth Valley Royal Hospital,Specialty/Discipline,100,93.6
SMR02,2017-2018,Forth Valley,Forth Valley Royal Hospital,Transfer of Responsibility Midwife to Consultant,100,67.8
SMR02,2017-2018,Forth Valley,Forth Valley Royal Hospital,Booking Date,100,91.5
SMR02,2017-2018,Forth Valley,Forth Valley Royal Hospital,Original Booking,100,97.5
SMR02,2017-2018,Forth Valley,Forth Valley Royal Hospital,Drugs Misuse During This Pregnancy,95,87.9
SMR02,2017-2018,Forth Valley,Forth Valley Royal Hospital,Drugs Used,93,87.4
SMR02,2017-2018,Forth Valley,Forth Valley Royal Hospital,Ever Injected Illicit Drugs,97,87.9
SMR02,2017-2018,Forth Valley,Forth Valley Royal Hospital,Smoking History at Booking,77,92.7
SMR02,2017-2018,Forth Valley,Forth Valley Royal Hospital,Smoker during pregnancy,79,92.4
SMR02,2017-2018,Forth Valley,Forth Valley Royal Hospital,Height,95,96.4
SMR02,2017-2018,Forth Valley,Forth Valley Royal Hospital,Weight of Mother at Booking,89,91.4
SMR02,2017-2018,Forth Valley,Forth Valley Royal Hospital,Diabetes,93,97.4
SMR02,2017-2018,Forth Valley,Forth Valley Royal Hospital,Estimated Gestation,71,95.1
SMR02,2017-2018,Forth Valley,Forth Valley Royal Hospital,Induction of Labour,75,92.6
SMR02,2017-2018,Forth Valley,Forth Valley Royal Hospital,Presentation at delivery (Babies 1 to 3),97,81.2
SMR02,2017-2018,Forth Valley,Forth Valley Royal Hospital,Mode of Delivery (Babies 1 to 3),97,98.1
SMR02,2017-2018,Forth Valley,Forth Valley Royal Hospital,Birthweight (Babies 1 to 3),99,99
SMR02,2017-2018,Forth Valley,Forth Valley Royal Hospital,Neonatal Indicator (Babies 1 to 3),93,93.4
SMR02,2017-2018,Forth Valley,Forth Valley Royal Hospital,Feed on Discharge (Babies 1 to 3),85,92.2
SMR02,2017-2018,Forth Valley,Forth Valley Royal Hospital,First Feed Given (Babies 1 to 3),100,92
SMR02,2017-2018,Grampian,Aberdeen Maternity Hospital,Indication for Operative Delivery (3-digits),91,92.2
SMR02,2017-2018,Grampian,Aberdeen Maternity Hospital,Main Condition (3-digits),80,71.8
SMR02,2017-2018,Grampian,Aberdeen Maternity Hospital,Other Conditions (3-digits),54,71
SMR02,2017-2018,Grampian,Aberdeen Maternity Hospital,Indication for Operative Delivery (4-digits),87,86.7
SMR02,2017-2018,Grampian,Aberdeen Maternity Hospital,Main Condition (4-digits),79,69.4
SMR02,2017-2018,Grampian,Aberdeen Maternity Hospital,Other Conditions (4-digits),53,69.7
SMR02,2017-2018,Grampian,Aberdeen Maternity Hospital,Ethnic Group,93.33333333333333,75.2
SMR02,2017-2018,Grampian,Aberdeen Maternity Hospital,Specialty/Discipline,85.91549295774648,93.6
SMR02,2017-2018,Grampian,Aberdeen Maternity Hospital,Transfer of Responsibility Midwife to Consultant,45.070422535211264,67.8
SMR02,2017-2018,Grampian,Aberdeen Maternity Hospital,Booking Date,78.37837837837839,91.5
SMR02,2017-2018,Grampian,Aberdeen Maternity Hospital,Original Booking,98.64864864864865,97.5
SMR02,2017-2018,Grampian,Aberdeen Maternity Hospital,Drugs Misuse During This Pregnancy,100,87.9
SMR02,2017-2018,Grampian,Aberdeen Maternity Hospital,Drugs Used,97.29729729729729,87.4
SMR02,2017-2018,Grampian,Aberdeen Maternity Hospital,Ever Injected Illicit Drugs,98.66666666666667,87.9
SMR02,2017-2018,Grampian,Aberdeen Maternity Hospital,Smoking History at Booking,97.29729729729729,92.7
SMR02,2017-2018,Grampian,Aberdeen Maternity Hospital,Smoker during pregnancy,93.15068493150685,92.4
SMR02,2017-2018,Grampian,Aberdeen Maternity Hospital,Height,95.94594594594595,96.4
SMR02,2017-2018,Grampian,Aberdeen Maternity Hospital,Weight of Mother at Booking,96,91.4
SMR02,2017-2018,Grampian,Aberdeen Maternity Hospital,Diabetes,98.66666666666667,97.4
SMR02,2017-2018,Grampian,Aberdeen Maternity Hospital,Estimated Gestation,97.33333333333333,95.1
SMR02,2017-2018,Grampian,Aberdeen Maternity Hospital,Induction of Labour,89.33333333333333,92.6
SMR02,2017-2018,Grampian,Aberdeen Maternity Hospital,Presentation at delivery (Babies 1 to 3),98.66666666666667,81.2
SMR02,2017-2018,Grampian,Aberdeen Maternity Hospital,Mode of Delivery (Babies 1 to 3),97.33333333333333,98.1
SMR02,2017-2018,Grampian,Aberdeen Maternity Hospital,Birthweight (Babies 1 to 3),98.66666666666667,99
SMR02,2017-2018,Grampian,Aberdeen Maternity Hospital,Neonatal Indicator (Babies 1 to 3),98.66666666666667,93.4
SMR02,2017-2018,Grampian,Aberdeen Maternity Hospital,Feed on Discharge (Babies 1 to 3),90.66666666666667,92.2
SMR02,2017-2018,Grampian,Aberdeen Maternity Hospital,First Feed Given (Babies 1 to 3),96,92
SMR01,2004-2006,Greater Glasgow & Clyde,Vale of Leven District Hospital,Specialty,NA,NA
SMR01,2004-2006,Greater Glasgow & Clyde,Vale of Leven District Hospital,Date of Main Operation,93,91.8
SMR01,2004-2006,Greater Glasgow & Clyde,Vale of Leven District Hospital,Ethnicity,NA,NA
SMR01,2004-2006,Greater Glasgow & Clyde,Vale of Leven District Hospital,Main Operation (3-digit),92,93.2
SMR01,2004-2006,Greater Glasgow & Clyde,Vale of Leven District Hospital,Main Operation (4-digit),67,84
SMR01,2004-2006,Greater Glasgow & Clyde,Vale of Leven District Hospital,Clinician Responsible for Main Operation,NA,80.5
SMR01,2004-2006,Greater Glasgow & Clyde,Vale of Leven District Hospital,Consultant/HCP Responsible for Care,97,90.9
SMR01,2004-2006,Greater Glasgow & Clyde,Vale of Leven District Hospital,Main Condition (3-digit),92,87.8
SMR01,2004-2006,Greater Glasgow & Clyde,Vale of Leven District Hospital,Main Condition (4-digit),85,81
SMR01,2004-2006,Greater Glasgow & Clyde,Vale of Leven District Hospital,Admission Type,NA,NA
SMR01,2004-2006,Greater Glasgow & Clyde,Vale of Leven District Hospital,Discharge Type,NA,NA
SMR01,2004-2006,Greater Glasgow & Clyde,Vale of Leven District Hospital,Discharge Transfer To,NA,NA
SMR01,2004-2006,Greater Glasgow & Clyde,Vale of Leven District Hospital,Admission Transfer From,NA,NA
SMR01,2004-2006,Greater Glasgow & Clyde,Vale of Leven District Hospital,Common Conditions (Adults) *,NA,NA
SMR01,2004-2006,Greater Glasgow & Clyde,Vale of Leven District Hospital,Common Conditions (Paediatrics) *,NA,NA
SMR01,2004-2006,Greater Glasgow & Clyde,Inverclyde Royal Hospital,Specialty,NA,NA
SMR01,2004-2006,Greater Glasgow & Clyde,Inverclyde Royal Hospital,Date of Main Operation,91,91.8
SMR01,2004-2006,Greater Glasgow & Clyde,Inverclyde Royal Hospital,Ethnicity,NA,NA
SMR01,2004-2006,Greater Glasgow & Clyde,Inverclyde Royal Hospital,Main Operation (3-digit),95,93.2
SMR01,2004-2006,Greater Glasgow & Clyde,Inverclyde Royal Hospital,Main Operation (4-digit),64,84
SMR01,2004-2006,Greater Glasgow & Clyde,Inverclyde Royal Hospital,Clinician Responsible for Main Operation,NA,80.5
SMR01,2004-2006,Greater Glasgow & Clyde,Inverclyde Royal Hospital,Consultant/HCP Responsible for Care,84,90.9
SMR01,2004-2006,Greater Glasgow & Clyde,Inverclyde Royal Hospital,Main Condition (3-digit),87,87.8
SMR01,2004-2006,Greater Glasgow & Clyde,Inverclyde Royal Hospital,Main Condition (4-digit),84,81
SMR01,2004-2006,Greater Glasgow & Clyde,Inverclyde Royal Hospital,Admission Type,NA,NA
SMR01,2004-2006,Greater Glasgow & Clyde,Inverclyde Royal Hospital,Discharge Type,NA,NA
SMR01,2004-2006,Greater Glasgow & Clyde,Inverclyde Royal Hospital,Discharge Transfer To,NA,NA
SMR01,2004-2006,Greater Glasgow & Clyde,Inverclyde Royal Hospital,Admission Transfer From,NA,NA
SMR01,2004-2006,Greater Glasgow & Clyde,Inverclyde Royal Hospital,Common Conditions (Adults) *,NA,NA
SMR01,2004-2006,Greater Glasgow & Clyde,Inverclyde Royal Hospital,Common Conditions (Paediatrics) *,NA,NA
SMR01,2004-2006,Greater Glasgow & Clyde,Royal Alexandra Hospital,Specialty,NA,NA
SMR01,2004-2006,Greater Glasgow & Clyde,Royal Alexandra Hospital,Date of Main Operation,75,91.8
SMR01,2004-2006,Greater Glasgow & Clyde,Royal Alexandra Hospital,Ethnicity,NA,NA
SMR01,2004-2006,Greater Glasgow & Clyde,Royal Alexandra Hospital,Main Operation (3-digit),82,93.2
SMR01,2004-2006,Greater Glasgow & Clyde,Royal Alexandra Hospital,Main Operation (4-digit),63,84
SMR01,2004-2006,Greater Glasgow & Clyde,Royal Alexandra Hospital,Clinician Responsible for Main Operation,NA,80.5
SMR01,2004-2006,Greater Glasgow & Clyde,Royal Alexandra Hospital,Consultant/HCP Responsible for Care,90,90.9
SMR01,2004-2006,Greater Glasgow & Clyde,Royal Alexandra Hospital,Main Condition (3-digit),82,87.8
SMR01,2004-2006,Greater Glasgow & Clyde,Royal Alexandra Hospital,Main Condition (4-digit),74,81
SMR01,2004-2006,Greater Glasgow & Clyde,Royal Alexandra Hospital,Admission Type,NA,NA
SMR01,2004-2006,Greater Glasgow & Clyde,Royal Alexandra Hospital,Discharge Type,NA,NA
SMR01,2004-2006,Greater Glasgow & Clyde,Royal Alexandra Hospital,Discharge Transfer To,NA,NA
SMR01,2004-2006,Greater Glasgow & Clyde,Royal Alexandra Hospital,Admission Transfer From,NA,NA
SMR01,2004-2006,Greater Glasgow & Clyde,Royal Alexandra Hospital,Common Conditions (Adults) *,NA,NA
SMR01,2004-2006,Greater Glasgow & Clyde,Royal Alexandra Hospital,Common Conditions (Paediatrics) *,NA,NA
SMR01,2004-2006,Greater Glasgow & Clyde,Golden Jubilee National Hospital,Specialty,NA,NA
SMR01,2004-2006,Greater Glasgow & Clyde,Golden Jubilee National Hospital,Date of Main Operation,97,91.8
SMR01,2004-2006,Greater Glasgow & Clyde,Golden Jubilee National Hospital,Ethnicity,NA,NA
SMR01,2004-2006,Greater Glasgow & Clyde,Golden Jubilee National Hospital,Main Operation (3-digit),93,93.2
SMR01,2004-2006,Greater Glasgow & Clyde,Golden Jubilee National Hospital,Main Operation (4-digit),63,84
SMR01,2004-2006,Greater Glasgow & Clyde,Golden Jubilee National Hospital,Clinician Responsible for Main Operation,NA,80.5
SMR01,2004-2006,Greater Glasgow & Clyde,Golden Jubilee National Hospital,Consultant/HCP Responsible for Care,94,90.9
SMR01,2004-2006,Greater Glasgow & Clyde,Golden Jubilee National Hospital,Main Condition (3-digit),85,87.8
SMR01,2004-2006,Greater Glasgow & Clyde,Golden Jubilee National Hospital,Main Condition (4-digit),74,81
SMR01,2004-2006,Greater Glasgow & Clyde,Golden Jubilee National Hospital,Admission Type,NA,NA
SMR01,2004-2006,Greater Glasgow & Clyde,Golden Jubilee National Hospital,Discharge Type,NA,NA
SMR01,2004-2006,Greater Glasgow & Clyde,Golden Jubilee National Hospital,Discharge Transfer To,NA,NA
SMR01,2004-2006,Greater Glasgow & Clyde,Golden Jubilee National Hospital,Admission Transfer From,NA,NA
SMR01,2004-2006,Greater Glasgow & Clyde,Golden Jubilee National Hospital,Common Conditions (Adults) *,NA,NA
SMR01,2004-2006,Greater Glasgow & Clyde,Golden Jubilee National Hospital,Common Conditions (Paediatrics) *,NA,NA
SMR02,2017-2018,Greater Glasgow & Clyde,Princess Royal Maternity Unit,Indication for Operative Delivery (3-digits),97,92.2
SMR02,2017-2018,Greater Glasgow & Clyde,Princess Royal Maternity Unit,Main Condition (3-digits),86,71.8
SMR02,2017-2018,Greater Glasgow & Clyde,Princess Royal Maternity Unit,Other Conditions (3-digits),83,71
SMR02,2017-2018,Greater Glasgow & Clyde,Princess Royal Maternity Unit,Indication for Operative Delivery (4-digits),88,86.7
SMR02,2017-2018,Greater Glasgow & Clyde,Princess Royal Maternity Unit,Main Condition (4-digits),83,69.4
SMR02,2017-2018,Greater Glasgow & Clyde,Princess Royal Maternity Unit,Other Conditions (4-digits),81,69.7
SMR02,2017-2018,Greater Glasgow & Clyde,Princess Royal Maternity Unit,Ethnic Group,85.33333333333333,75.2
SMR02,2017-2018,Greater Glasgow & Clyde,Princess Royal Maternity Unit,Specialty/Discipline,100,93.6
SMR02,2017-2018,Greater Glasgow & Clyde,Princess Royal Maternity Unit,Transfer of Responsibility Midwife to Consultant,54.66666666666667,67.8
SMR02,2017-2018,Greater Glasgow & Clyde,Princess Royal Maternity Unit,Booking Date,74.66666666666666,91.5
SMR02,2017-2018,Greater Glasgow & Clyde,Princess Royal Maternity Unit,Original Booking,98.66666666666667,97.5
SMR02,2017-2018,Greater Glasgow & Clyde,Princess Royal Maternity Unit,Drugs Misuse During This Pregnancy,93.33333333333333,87.9
SMR02,2017-2018,Greater Glasgow & Clyde,Princess Royal Maternity Unit,Drugs Used,93.33333333333333,87.4
SMR02,2017-2018,Greater Glasgow & Clyde,Princess Royal Maternity Unit,Ever Injected Illicit Drugs,88,87.9
SMR02,2017-2018,Greater Glasgow & Clyde,Princess Royal Maternity Unit,Smoking History at Booking,80,92.7
SMR02,2017-2018,Greater Glasgow & Clyde,Princess Royal Maternity Unit,Smoker during pregnancy,87.32394366197184,92.4
SMR02,2017-2018,Greater Glasgow & Clyde,Princess Royal Maternity Unit,Height,97.22222222222223,96.4
SMR02,2017-2018,Greater Glasgow & Clyde,Princess Royal Maternity Unit,Weight of Mother at Booking,89.0909090909091,91.4
SMR02,2017-2018,Greater Glasgow & Clyde,Princess Royal Maternity Unit,Diabetes,96,97.4
SMR02,2017-2018,Greater Glasgow & Clyde,Princess Royal Maternity Unit,Estimated Gestation,98.66666666666667,95.1
SMR02,2017-2018,Greater Glasgow & Clyde,Princess Royal Maternity Unit,Induction of Labour,96,92.6
SMR02,2017-2018,Greater Glasgow & Clyde,Princess Royal Maternity Unit,Presentation at delivery (Babies 1 to 3),52,81.2
SMR02,2017-2018,Greater Glasgow & Clyde,Princess Royal Maternity Unit,Mode of Delivery (Babies 1 to 3),100,98.1
SMR02,2017-2018,Greater Glasgow & Clyde,Princess Royal Maternity Unit,Birthweight (Babies 1 to 3),100,99
SMR02,2017-2018,Greater Glasgow & Clyde,Princess Royal Maternity Unit,Neonatal Indicator (Babies 1 to 3),94.66666666666667,93.4
SMR02,2017-2018,Greater Glasgow & Clyde,Princess Royal Maternity Unit,Feed on Discharge (Babies 1 to 3),97.33333333333333,92.2
SMR02,2017-2018,Greater Glasgow & Clyde,Princess Royal Maternity Unit,First Feed Given (Babies 1 to 3),98.66666666666667,92
SMR02,2017-2018,Greater Glasgow & Clyde,Royal Alexandra Hospital,Indication for Operative Delivery (3-digits),66,92.2
SMR02,2017-2018,Greater Glasgow & Clyde,Royal Alexandra Hospital,Main Condition (3-digits),63,71.8
SMR02,2017-2018,Greater Glasgow & Clyde,Royal Alexandra Hospital,Other Conditions (3-digits),54,71
SMR02,2017-2018,Greater Glasgow & Clyde,Royal Alexandra Hospital,Indication for Operative Delivery (4-digits),55,86.7
SMR02,2017-2018,Greater Glasgow & Clyde,Royal Alexandra Hospital,Main Condition (4-digits),57,69.4
SMR02,2017-2018,Greater Glasgow & Clyde,Royal Alexandra Hospital,Other Conditions (4-digits),53,69.7
SMR02,2017-2018,Greater Glasgow & Clyde,Royal Alexandra Hospital,Ethnic Group,89.33333333333333,75.2
SMR02,2017-2018,Greater Glasgow & Clyde,Royal Alexandra Hospital,Specialty/Discipline,89.55223880597015,93.6
SMR02,2017-2018,Greater Glasgow & Clyde,Royal Alexandra Hospital,Transfer of Responsibility Midwife to Consultant,64.17910447761194,67.8
SMR02,2017-2018,Greater Glasgow & Clyde,Royal Alexandra Hospital,Booking Date,84,91.5
SMR02,2017-2018,Greater Glasgow & Clyde,Royal Alexandra Hospital,Original Booking,80,97.5
SMR02,2017-2018,Greater Glasgow & Clyde,Royal Alexandra Hospital,Drugs Misuse During This Pregnancy,43.99999999999999,87.9
SMR02,2017-2018,Greater Glasgow & Clyde,Royal Alexandra Hospital,Drugs Used,43.99999999999999,87.4
SMR02,2017-2018,Greater Glasgow & Clyde,Royal Alexandra Hospital,Ever Injected Illicit Drugs,48,87.9
SMR02,2017-2018,Greater Glasgow & Clyde,Royal Alexandra Hospital,Smoking History at Booking,78.08219178082192,92.7
SMR02,2017-2018,Greater Glasgow & Clyde,Royal Alexandra Hospital,Smoker during pregnancy,86.66666666666667,92.4
SMR02,2017-2018,Greater Glasgow & Clyde,Royal Alexandra Hospital,Height,97.26027397260275,96.4
SMR02,2017-2018,Greater Glasgow & Clyde,Royal Alexandra Hospital,Weight of Mother at Booking,85.48387096774194,91.4
SMR02,2017-2018,Greater Glasgow & Clyde,Royal Alexandra Hospital,Diabetes,93.33333333333333,97.4
SMR02,2017-2018,Greater Glasgow & Clyde,Royal Alexandra Hospital,Estimated Gestation,86.66666666666667,95.1
SMR02,2017-2018,Greater Glasgow & Clyde,Royal Alexandra Hospital,Induction of Labour,88,92.6
SMR02,2017-2018,Greater Glasgow & Clyde,Royal Alexandra Hospital,Presentation at delivery (Babies 1 to 3),20,81.2
SMR02,2017-2018,Greater Glasgow & Clyde,Royal Alexandra Hospital,Mode of Delivery (Babies 1 to 3),98.66666666666667,98.1
SMR02,2017-2018,Greater Glasgow & Clyde,Royal Alexandra Hospital,Birthweight (Babies 1 to 3),98.66666666666667,99
SMR02,2017-2018,Greater Glasgow & Clyde,Royal Alexandra Hospital,Neonatal Indicator (Babies 1 to 3),94.66666666666667,93.4
SMR02,2017-2018,Greater Glasgow & Clyde,Royal Alexandra Hospital,Feed on Discharge (Babies 1 to 3),88,92.2
SMR02,2017-2018,Greater Glasgow & Clyde,Royal Alexandra Hospital,First Feed Given (Babies 1 to 3),78.66666666666666,92
SMR02,2017-2018,Greater Glasgow & Clyde,Queen Elizabeth University Hospital,Indication for Operative Delivery (3-digits),95,92.2
SMR02,2017-2018,Greater Glasgow & Clyde,Queen Elizabeth University Hospital,Main Condition (3-digits),49,71.8
SMR02,2017-2018,Greater Glasgow & Clyde,Queen Elizabeth University Hospital,Other Conditions (3-digits),53,71
SMR02,2017-2018,Greater Glasgow & Clyde,Queen Elizabeth University Hospital,Indication for Operative Delivery (4-digits),81,86.7
SMR02,2017-2018,Greater Glasgow & Clyde,Queen Elizabeth University Hospital,Main Condition (4-digits),41,69.4
SMR02,2017-2018,Greater Glasgow & Clyde,Queen Elizabeth University Hospital,Other Conditions (4-digits),52,69.7
SMR02,2017-2018,Greater Glasgow & Clyde,Queen Elizabeth University Hospital,Ethnic Group,95.945945945946,75.2
SMR02,2017-2018,Greater Glasgow & Clyde,Queen Elizabeth University Hospital,Specialty/Discipline,100,93.6
SMR02,2017-2018,Greater Glasgow & Clyde,Queen Elizabeth University Hospital,Transfer of Responsibility Midwife to Consultant,100,67.8
SMR02,2017-2018,Greater Glasgow & Clyde,Queen Elizabeth University Hospital,Booking Date,90.6666666666667,91.5
SMR02,2017-2018,Greater Glasgow & Clyde,Queen Elizabeth University Hospital,Original Booking,100,97.5
SMR02,2017-2018,Greater Glasgow & Clyde,Queen Elizabeth University Hospital,Drugs Misuse During This Pregnancy,4,87.9
SMR02,2017-2018,Greater Glasgow & Clyde,Queen Elizabeth University Hospital,Drugs Used,5.33333333333333,87.4
SMR02,2017-2018,Greater Glasgow & Clyde,Queen Elizabeth University Hospital,Ever Injected Illicit Drugs,4,87.9
SMR02,2017-2018,Greater Glasgow & Clyde,Queen Elizabeth University Hospital,Smoking History at Booking,92,92.7
SMR02,2017-2018,Greater Glasgow & Clyde,Queen Elizabeth University Hospital,Smoker during pregnancy,91.8918918918919,92.4
SMR02,2017-2018,Greater Glasgow & Clyde,Queen Elizabeth University Hospital,Height,97.2222222222222,96.4
SMR02,2017-2018,Greater Glasgow & Clyde,Queen Elizabeth University Hospital,Weight of Mother at Booking,93.75,91.4
SMR02,2017-2018,Greater Glasgow & Clyde,Queen Elizabeth University Hospital,Diabetes,100,97.4
SMR02,2017-2018,Greater Glasgow & Clyde,Queen Elizabeth University Hospital,Estimated Gestation,100,95.1
SMR02,2017-2018,Greater Glasgow & Clyde,Queen Elizabeth University Hospital,Induction of Labour,95.945945945946,92.6
SMR02,2017-2018,Greater Glasgow & Clyde,Queen Elizabeth University Hospital,Presentation at delivery (Babies 1 to 3),4,81.2
SMR02,2017-2018,Greater Glasgow & Clyde,Queen Elizabeth University Hospital,Mode of Delivery (Babies 1 to 3),98.6666666666667,98.1
SMR02,2017-2018,Greater Glasgow & Clyde,Queen Elizabeth University Hospital,Birthweight (Babies 1 to 3),98.6666666666667,99
SMR02,2017-2018,Greater Glasgow & Clyde,Queen Elizabeth University Hospital,Neonatal Indicator (Babies 1 to 3),93.3333333333333,93.4
SMR02,2017-2018,Greater Glasgow & Clyde,Queen Elizabeth University Hospital,Feed on Discharge (Babies 1 to 3),84,92.2
SMR02,2017-2018,Greater Glasgow & Clyde,Queen Elizabeth University Hospital,First Feed Given (Babies 1 to 3),97.3333333333333,92
SMR01,2004-2006,Highland,Lorn & Islands General districs Hospital,Specialty,NA,NA
SMR01,2004-2006,Highland,Lorn & Islands General districs Hospital,Date of Main Operation,92,91.8
SMR01,2004-2006,Highland,Lorn & Islands General districs Hospital,Ethnicity,NA,NA
SMR01,2004-2006,Highland,Lorn & Islands General districs Hospital,Main Operation (3-digit),88,93.2
SMR01,2004-2006,Highland,Lorn & Islands General districs Hospital,Main Operation (4-digit),64,84
SMR01,2004-2006,Highland,Lorn & Islands General districs Hospital,Clinician Responsible for Main Operation,92,80.5
SMR01,2004-2006,Highland,Lorn & Islands General districs Hospital,Consultant/HCP Responsible for Care,89,90.9
SMR01,2004-2006,Highland,Lorn & Islands General districs Hospital,Main Condition (3-digit),84,87.8
SMR01,2004-2006,Highland,Lorn & Islands General districs Hospital,Main Condition (4-digit),78,81
SMR01,2004-2006,Highland,Lorn & Islands General districs Hospital,Admission Type,NA,NA
SMR01,2004-2006,Highland,Lorn & Islands General districs Hospital,Discharge Type,NA,NA
SMR01,2004-2006,Highland,Lorn & Islands General districs Hospital,Discharge Transfer To,NA,NA
SMR01,2004-2006,Highland,Lorn & Islands General districs Hospital,Admission Transfer From,NA,NA
SMR01,2004-2006,Highland,Lorn & Islands General districs Hospital,Common Conditions (Adults) *,NA,NA
SMR01,2004-2006,Highland,Lorn & Islands General districs Hospital,Common Conditions (Paediatrics) *,NA,NA
SMR02,2017-2018,Highland,Raigmore Hospital,Indication for Operative Delivery (3-digits),98,92.2
SMR02,2017-2018,Highland,Raigmore Hospital,Main Condition (3-digits),82,71.8
SMR02,2017-2018,Highland,Raigmore Hospital,Other Conditions (3-digits),82,71
SMR02,2017-2018,Highland,Raigmore Hospital,Indication for Operative Delivery (4-digits),96,86.7
SMR02,2017-2018,Highland,Raigmore Hospital,Main Condition (4-digits),76,69.4
SMR02,2017-2018,Highland,Raigmore Hospital,Other Conditions (4-digits),77,69.7
SMR02,2017-2018,Highland,Raigmore Hospital,Ethnic Group,52,75.2
SMR02,2017-2018,Highland,Raigmore Hospital,Specialty/Discipline,100,93.6
SMR02,2017-2018,Highland,Raigmore Hospital,Transfer of Responsibility Midwife to Consultant,100,67.8
SMR02,2017-2018,Highland,Raigmore Hospital,Booking Date,94,91.5
SMR02,2017-2018,Highland,Raigmore Hospital,Original Booking,100,97.5
SMR02,2017-2018,Highland,Raigmore Hospital,Drugs Misuse During This Pregnancy,98,87.9
SMR02,2017-2018,Highland,Raigmore Hospital,Drugs Used,98,87.4
SMR02,2017-2018,Highland,Raigmore Hospital,Ever Injected Illicit Drugs,100,87.9
SMR02,2017-2018,Highland,Raigmore Hospital,Smoking History at Booking,96,92.7
SMR02,2017-2018,Highland,Raigmore Hospital,Smoker during pregnancy,96,92.4
SMR02,2017-2018,Highland,Raigmore Hospital,Height,92,96.4
SMR02,2017-2018,Highland,Raigmore Hospital,Weight of Mother at Booking,92,91.4
SMR02,2017-2018,Highland,Raigmore Hospital,Diabetes,92,97.4
SMR02,2017-2018,Highland,Raigmore Hospital,Estimated Gestation,100,95.1
SMR02,2017-2018,Highland,Raigmore Hospital,Induction of Labour,96,92.6
SMR02,2017-2018,Highland,Raigmore Hospital,Presentation at delivery (Babies 1 to 3),100,81.2
SMR02,2017-2018,Highland,Raigmore Hospital,Mode of Delivery (Babies 1 to 3),100,98.1
SMR02,2017-2018,Highland,Raigmore Hospital,Birthweight (Babies 1 to 3),100,99
SMR02,2017-2018,Highland,Raigmore Hospital,Neonatal Indicator (Babies 1 to 3),98,93.4
SMR02,2017-2018,Highland,Raigmore Hospital,Feed on Discharge (Babies 1 to 3),98,92.2
SMR02,2017-2018,Highland,Raigmore Hospital,First Feed Given (Babies 1 to 3),98,92
SMR02,2017-2018,Lanarkshire,Wishaw General Hospital,Indication for Operative Delivery (3-digits),99,92.2
SMR02,2017-2018,Lanarkshire,Wishaw General Hospital,Main Condition (3-digits),77,71.8
SMR02,2017-2018,Lanarkshire,Wishaw General Hospital,Other Conditions (3-digits),82,71
SMR02,2017-2018,Lanarkshire,Wishaw General Hospital,Indication for Operative Delivery (4-digits),93,86.7
SMR02,2017-2018,Lanarkshire,Wishaw General Hospital,Main Condition (4-digits),76,69.4
SMR02,2017-2018,Lanarkshire,Wishaw General Hospital,Other Conditions (4-digits),82,69.7
SMR02,2017-2018,Lanarkshire,Wishaw General Hospital,Ethnic Group,61,75.2
SMR02,2017-2018,Lanarkshire,Wishaw General Hospital,Specialty/Discipline,100,93.6
SMR02,2017-2018,Lanarkshire,Wishaw General Hospital,Transfer of Responsibility Midwife to Consultant,100,67.8
SMR02,2017-2018,Lanarkshire,Wishaw General Hospital,Booking Date,97,91.5
SMR02,2017-2018,Lanarkshire,Wishaw General Hospital,Original Booking,99,97.5
SMR02,2017-2018,Lanarkshire,Wishaw General Hospital,Drugs Misuse During This Pregnancy,93,87.9
SMR02,2017-2018,Lanarkshire,Wishaw General Hospital,Drugs Used,93,87.4
SMR02,2017-2018,Lanarkshire,Wishaw General Hospital,Ever Injected Illicit Drugs,93,87.9
SMR02,2017-2018,Lanarkshire,Wishaw General Hospital,Smoking History at Booking,88,92.7
SMR02,2017-2018,Lanarkshire,Wishaw General Hospital,Smoker during pregnancy,89,92.4
SMR02,2017-2018,Lanarkshire,Wishaw General Hospital,Height,93,96.4
SMR02,2017-2018,Lanarkshire,Wishaw General Hospital,Weight of Mother at Booking,95,91.4
SMR02,2017-2018,Lanarkshire,Wishaw General Hospital,Diabetes,95,97.4
SMR02,2017-2018,Lanarkshire,Wishaw General Hospital,Estimated Gestation,99,95.1
SMR02,2017-2018,Lanarkshire,Wishaw General Hospital,Induction of Labour,99,92.6
SMR02,2017-2018,Lanarkshire,Wishaw General Hospital,Presentation at delivery (Babies 1 to 3),99,81.2
SMR02,2017-2018,Lanarkshire,Wishaw General Hospital,Mode of Delivery (Babies 1 to 3),97,98.1
SMR02,2017-2018,Lanarkshire,Wishaw General Hospital,Birthweight (Babies 1 to 3),97,99
SMR02,2017-2018,Lanarkshire,Wishaw General Hospital,Neonatal Indicator (Babies 1 to 3),92,93.4
SMR02,2017-2018,Lanarkshire,Wishaw General Hospital,Feed on Discharge (Babies 1 to 3),91,92.2
SMR02,2017-2018,Lanarkshire,Wishaw General Hospital,First Feed Given (Babies 1 to 3),100,92
SMR02,2017-2018,Lothian,St John's Hospital at Howden,Indication for Operative Delivery (3-digits),98,92.2
SMR02,2017-2018,Lothian,St John's Hospital at Howden,Main Condition (3-digits),88,71.8
SMR02,2017-2018,Lothian,St John's Hospital at Howden,Other Conditions (3-digits),71,71
SMR02,2017-2018,Lothian,St John's Hospital at Howden,Indication for Operative Delivery (4-digits),96,86.7
SMR02,2017-2018,Lothian,St John's Hospital at Howden,Main Condition (4-digits),86,69.4
SMR02,2017-2018,Lothian,St John's Hospital at Howden,Other Conditions (4-digits),68,69.7
SMR02,2017-2018,Lothian,St John's Hospital at Howden,Ethnic Group,100,75.2
SMR02,2017-2018,Lothian,St John's Hospital at Howden,Specialty/Discipline,100,93.6
SMR02,2017-2018,Lothian,St John's Hospital at Howden,Transfer of Responsibility Midwife to Consultant,20,67.8
SMR02,2017-2018,Lothian,St John's Hospital at Howden,Booking Date,98,91.5
SMR02,2017-2018,Lothian,St John's Hospital at Howden,Original Booking,100,97.5
SMR02,2017-2018,Lothian,St John's Hospital at Howden,Drugs Misuse During This Pregnancy,100,87.9
SMR02,2017-2018,Lothian,St John's Hospital at Howden,Drugs Used,100,87.4
SMR02,2017-2018,Lothian,St John's Hospital at Howden,Ever Injected Illicit Drugs,100,87.9
SMR02,2017-2018,Lothian,St John's Hospital at Howden,Smoking History at Booking,100,92.7
SMR02,2017-2018,Lothian,St John's Hospital at Howden,Smoker during pregnancy,96,92.4
SMR02,2017-2018,Lothian,St John's Hospital at Howden,Height,100,96.4
SMR02,2017-2018,Lothian,St John's Hospital at Howden,Weight of Mother at Booking,100,91.4
SMR02,2017-2018,Lothian,St John's Hospital at Howden,Diabetes,98,97.4
SMR02,2017-2018,Lothian,St John's Hospital at Howden,Estimated Gestation,96,95.1
SMR02,2017-2018,Lothian,St John's Hospital at Howden,Induction of Labour,92,92.6
SMR02,2017-2018,Lothian,St John's Hospital at Howden,Presentation at delivery (Babies 1 to 3),100,81.2
SMR02,2017-2018,Lothian,St John's Hospital at Howden,Mode of Delivery (Babies 1 to 3),98,98.1
SMR02,2017-2018,Lothian,St John's Hospital at Howden,Birthweight (Babies 1 to 3),100,99
SMR02,2017-2018,Lothian,St John's Hospital at Howden,Neonatal Indicator (Babies 1 to 3),96,93.4
SMR02,2017-2018,Lothian,St John's Hospital at Howden,Feed on Discharge (Babies 1 to 3),96,92.2
SMR02,2017-2018,Lothian,St John's Hospital at Howden,First Feed Given (Babies 1 to 3),86,92
SMR02,2017-2018,Lothian,Royal Infirmary of Edinburgh,Indication for Operative Delivery (3-digits),91,92.2
SMR02,2017-2018,Lothian,Royal Infirmary of Edinburgh,Main Condition (3-digits),92,71.8
SMR02,2017-2018,Lothian,Royal Infirmary of Edinburgh,Other Conditions (3-digits),83,71
SMR02,2017-2018,Lothian,Royal Infirmary of Edinburgh,Indication for Operative Delivery (4-digits),84,86.7
SMR02,2017-2018,Lothian,Royal Infirmary of Edinburgh,Main Condition (4-digits),88,69.4
SMR02,2017-2018,Lothian,Royal Infirmary of Edinburgh,Other Conditions (4-digits),82,69.7
SMR02,2017-2018,Lothian,Royal Infirmary of Edinburgh,Ethnic Group,100,75.2
SMR02,2017-2018,Lothian,Royal Infirmary of Edinburgh,Specialty/Discipline,95,93.6
SMR02,2017-2018,Lothian,Royal Infirmary of Edinburgh,Transfer of Responsibility Midwife to Consultant,65,67.8
SMR02,2017-2018,Lothian,Royal Infirmary of Edinburgh,Booking Date,97,91.5
SMR02,2017-2018,Lothian,Royal Infirmary of Edinburgh,Original Booking,100,97.5
SMR02,2017-2018,Lothian,Royal Infirmary of Edinburgh,Drugs Misuse During This Pregnancy,100,87.9
SMR02,2017-2018,Lothian,Royal Infirmary of Edinburgh,Drugs Used,100,87.4
SMR02,2017-2018,Lothian,Royal Infirmary of Edinburgh,Ever Injected Illicit Drugs,100,87.9
SMR02,2017-2018,Lothian,Royal Infirmary of Edinburgh,Smoking History at Booking,100,92.7
SMR02,2017-2018,Lothian,Royal Infirmary of Edinburgh,Smoker during pregnancy,93,92.4
SMR02,2017-2018,Lothian,Royal Infirmary of Edinburgh,Height,100,96.4
SMR02,2017-2018,Lothian,Royal Infirmary of Edinburgh,Weight of Mother at Booking,100,91.4
SMR02,2017-2018,Lothian,Royal Infirmary of Edinburgh,Diabetes,100,97.4
SMR02,2017-2018,Lothian,Royal Infirmary of Edinburgh,Estimated Gestation,99,95.1
SMR02,2017-2018,Lothian,Royal Infirmary of Edinburgh,Induction of Labour,99,92.6
SMR02,2017-2018,Lothian,Royal Infirmary of Edinburgh,Presentation at delivery (Babies 1 to 3),92,81.2
SMR02,2017-2018,Lothian,Royal Infirmary of Edinburgh,Mode of Delivery (Babies 1 to 3),100,98.1
SMR02,2017-2018,Lothian,Royal Infirmary of Edinburgh,Birthweight (Babies 1 to 3),100,99
SMR02,2017-2018,Lothian,Royal Infirmary of Edinburgh,Neonatal Indicator (Babies 1 to 3),93,93.4
SMR02,2017-2018,Lothian,Royal Infirmary of Edinburgh,Feed on Discharge (Babies 1 to 3),95,92.2
SMR02,2017-2018,Lothian,Royal Infirmary of Edinburgh,First Feed Given (Babies 1 to 3),95,92
SMR02,2017-2018,Orkney,Balfour Hospital,Indication for Operative Delivery (3-digits),84,92.2
SMR02,2017-2018,Orkney,Balfour Hospital,Main Condition (3-digits),20,71.8
SMR02,2017-2018,Orkney,Balfour Hospital,Other Conditions (3-digits),54,71
SMR02,2017-2018,Orkney,Balfour Hospital,Indication for Operative Delivery (4-digits),84,86.7
SMR02,2017-2018,Orkney,Balfour Hospital,Main Condition (4-digits),20,69.4
SMR02,2017-2018,Orkney,Balfour Hospital,Other Conditions (4-digits),54,69.7
SMR02,2017-2018,Orkney,Balfour Hospital,Ethnic Group,64,75.2
SMR02,2017-2018,Orkney,Balfour Hospital,Specialty/Discipline,100,93.6
SMR02,2017-2018,Orkney,Balfour Hospital,Transfer of Responsibility Midwife to Consultant,68,67.8
SMR02,2017-2018,Orkney,Balfour Hospital,Booking Date,96,91.5
SMR02,2017-2018,Orkney,Balfour Hospital,Original Booking,96,97.5
SMR02,2017-2018,Orkney,Balfour Hospital,Drugs Misuse During This Pregnancy,100,87.9
SMR02,2017-2018,Orkney,Balfour Hospital,Drugs Used,100,87.4
SMR02,2017-2018,Orkney,Balfour Hospital,Ever Injected Illicit Drugs,100,87.9
SMR02,2017-2018,Orkney,Balfour Hospital,Smoking History at Booking,100,92.7
SMR02,2017-2018,Orkney,Balfour Hospital,Smoker during pregnancy,100,92.4
SMR02,2017-2018,Orkney,Balfour Hospital,Height,100,96.4
SMR02,2017-2018,Orkney,Balfour Hospital,Weight of Mother at Booking,64,91.4
SMR02,2017-2018,Orkney,Balfour Hospital,Diabetes,100,97.4
SMR02,2017-2018,Orkney,Balfour Hospital,Estimated Gestation,96,95.1
SMR02,2017-2018,Orkney,Balfour Hospital,Induction of Labour,100,92.6
SMR02,2017-2018,Orkney,Balfour Hospital,Presentation at delivery (Babies 1 to 3),76,81.2
SMR02,2017-2018,Orkney,Balfour Hospital,Mode of Delivery (Babies 1 to 3),96,98.1
SMR02,2017-2018,Orkney,Balfour Hospital,Birthweight (Babies 1 to 3),100,99
SMR02,2017-2018,Orkney,Balfour Hospital,Neonatal Indicator (Babies 1 to 3),100,93.4
SMR02,2017-2018,Orkney,Balfour Hospital,Feed on Discharge (Babies 1 to 3),84,92.2
SMR02,2017-2018,Orkney,Balfour Hospital,First Feed Given (Babies 1 to 3),100,92
SMR02,2017-2018,Shetland,Gilbert Bain Hospital (Shetland),Indication for Operative Delivery (3-digits),80,92.2
SMR02,2017-2018,Shetland,Gilbert Bain Hospital (Shetland),Main Condition (3-digits),64,71.8
SMR02,2017-2018,Shetland,Gilbert Bain Hospital (Shetland),Other Conditions (3-digits),76,71
SMR02,2017-2018,Shetland,Gilbert Bain Hospital (Shetland),Indication for Operative Delivery (4-digits),80,86.7
SMR02,2017-2018,Shetland,Gilbert Bain Hospital (Shetland),Main Condition (4-digits),64,69.4
SMR02,2017-2018,Shetland,Gilbert Bain Hospital (Shetland),Other Conditions (4-digits),76,69.7
SMR02,2017-2018,Shetland,Gilbert Bain Hospital (Shetland),Ethnic Group,36,75.2
SMR02,2017-2018,Shetland,Gilbert Bain Hospital (Shetland),Specialty/Discipline,88,93.6
SMR02,2017-2018,Shetland,Gilbert Bain Hospital (Shetland),Transfer of Responsibility Midwife to Consultant,NA,67.8
SMR02,2017-2018,Shetland,Gilbert Bain Hospital (Shetland),Booking Date,96,91.5
SMR02,2017-2018,Shetland,Gilbert Bain Hospital (Shetland),Original Booking,92,97.5
SMR02,2017-2018,Shetland,Gilbert Bain Hospital (Shetland),Drugs Misuse During This Pregnancy,100,87.9
SMR02,2017-2018,Shetland,Gilbert Bain Hospital (Shetland),Drugs Used,100,87.4
SMR02,2017-2018,Shetland,Gilbert Bain Hospital (Shetland),Ever Injected Illicit Drugs,100,87.9
SMR02,2017-2018,Shetland,Gilbert Bain Hospital (Shetland),Smoking History at Booking,100,92.7
SMR02,2017-2018,Shetland,Gilbert Bain Hospital (Shetland),Smoker during pregnancy,100,92.4
SMR02,2017-2018,Shetland,Gilbert Bain Hospital (Shetland),Height,100,96.4
SMR02,2017-2018,Shetland,Gilbert Bain Hospital (Shetland),Weight of Mother at Booking,80,91.4
SMR02,2017-2018,Shetland,Gilbert Bain Hospital (Shetland),Diabetes,100,97.4
SMR02,2017-2018,Shetland,Gilbert Bain Hospital (Shetland),Estimated Gestation,100,95.1
SMR02,2017-2018,Shetland,Gilbert Bain Hospital (Shetland),Induction of Labour,100,92.6
SMR02,2017-2018,Shetland,Gilbert Bain Hospital (Shetland),Presentation at delivery (Babies 1 to 3),92,81.2
SMR02,2017-2018,Shetland,Gilbert Bain Hospital (Shetland),Mode of Delivery (Babies 1 to 3),100,98.1
SMR02,2017-2018,Shetland,Gilbert Bain Hospital (Shetland),Birthweight (Babies 1 to 3),96,99
SMR02,2017-2018,Shetland,Gilbert Bain Hospital (Shetland),Neonatal Indicator (Babies 1 to 3),8,93.4
SMR02,2017-2018,Shetland,Gilbert Bain Hospital (Shetland),Feed on Discharge (Babies 1 to 3),56,92.2
SMR02,2017-2018,Shetland,Gilbert Bain Hospital (Shetland),First Feed Given (Babies 1 to 3),88,92
SMR02,2017-2018,Tayside,Perth Royal Infirmary,Indication for Operative Delivery (3-digits),100,92.2
SMR02,2017-2018,Tayside,Perth Royal Infirmary,Main Condition (3-digits),76,71.8
SMR02,2017-2018,Tayside,Perth Royal Infirmary,Other Conditions (3-digits),81,71
SMR02,2017-2018,Tayside,Perth Royal Infirmary,Indication for Operative Delivery (4-digits),100,86.7
SMR02,2017-2018,Tayside,Perth Royal Infirmary,Main Condition (4-digits),76,69.4
SMR02,2017-2018,Tayside,Perth Royal Infirmary,Other Conditions (4-digits),81,69.7
SMR02,2017-2018,Tayside,Perth Royal Infirmary,Ethnic Group,72,75.2
SMR02,2017-2018,Tayside,Perth Royal Infirmary,Specialty/Discipline,100,93.6
SMR02,2017-2018,Tayside,Perth Royal Infirmary,Transfer of Responsibility Midwife to Consultant,100,67.8
SMR02,2017-2018,Tayside,Perth Royal Infirmary,Booking Date,100,91.5
SMR02,2017-2018,Tayside,Perth Royal Infirmary,Original Booking,96,97.5
SMR02,2017-2018,Tayside,Perth Royal Infirmary,Drugs Misuse During This Pregnancy,100,87.9
SMR02,2017-2018,Tayside,Perth Royal Infirmary,Drugs Used,100,87.4
SMR02,2017-2018,Tayside,Perth Royal Infirmary,Ever Injected Illicit Drugs,100,87.9
SMR02,2017-2018,Tayside,Perth Royal Infirmary,Smoking History at Booking,100,92.7
SMR02,2017-2018,Tayside,Perth Royal Infirmary,Smoker during pregnancy,96,92.4
SMR02,2017-2018,Tayside,Perth Royal Infirmary,Height,96,96.4
SMR02,2017-2018,Tayside,Perth Royal Infirmary,Weight of Mother at Booking,100,91.4
SMR02,2017-2018,Tayside,Perth Royal Infirmary,Diabetes,100,97.4
SMR02,2017-2018,Tayside,Perth Royal Infirmary,Estimated Gestation,88,95.1
SMR02,2017-2018,Tayside,Perth Royal Infirmary,Induction of Labour,100,92.6
SMR02,2017-2018,Tayside,Perth Royal Infirmary,Presentation at delivery (Babies 1 to 3),100,81.2
SMR02,2017-2018,Tayside,Perth Royal Infirmary,Mode of Delivery (Babies 1 to 3),100,98.1
SMR02,2017-2018,Tayside,Perth Royal Infirmary,Birthweight (Babies 1 to 3),100,99
SMR02,2017-2018,Tayside,Perth Royal Infirmary,Neonatal Indicator (Babies 1 to 3),100,93.4
SMR02,2017-2018,Tayside,Perth Royal Infirmary,Feed on Discharge (Babies 1 to 3),96,92.2
SMR02,2017-2018,Tayside,Perth Royal Infirmary,First Feed Given (Babies 1 to 3),96,92
SMR02,2017-2018,Tayside,Ninewells Hospital,Indication for Operative Delivery (3-digits),95,92.2
SMR02,2017-2018,Tayside,Ninewells Hospital,Main Condition (3-digits),83,71.8
SMR02,2017-2018,Tayside,Ninewells Hospital,Other Conditions (3-digits),78,71
SMR02,2017-2018,Tayside,Ninewells Hospital,Indication for Operative Delivery (4-digits),93,86.7
SMR02,2017-2018,Tayside,Ninewells Hospital,Main Condition (4-digits),80,69.4
SMR02,2017-2018,Tayside,Ninewells Hospital,Other Conditions (4-digits),77,69.7
SMR02,2017-2018,Tayside,Ninewells Hospital,Ethnic Group,51.3513513513514,75.2
SMR02,2017-2018,Tayside,Ninewells Hospital,Specialty/Discipline,94.6666666666667,93.6
SMR02,2017-2018,Tayside,Ninewells Hospital,Transfer of Responsibility Midwife to Consultant,92,67.8
SMR02,2017-2018,Tayside,Ninewells Hospital,Booking Date,98.6666666666667,91.5
SMR02,2017-2018,Tayside,Ninewells Hospital,Original Booking,100,97.5
SMR02,2017-2018,Tayside,Ninewells Hospital,Drugs Misuse During This Pregnancy,98.6666666666667,87.9
SMR02,2017-2018,Tayside,Ninewells Hospital,Drugs Used,96,87.4
SMR02,2017-2018,Tayside,Ninewells Hospital,Ever Injected Illicit Drugs,98.6666666666667,87.9
SMR02,2017-2018,Tayside,Ninewells Hospital,Smoking History at Booking,98.6486486486487,92.7
SMR02,2017-2018,Tayside,Ninewells Hospital,Smoker during pregnancy,98.6486486486487,92.4
SMR02,2017-2018,Tayside,Ninewells Hospital,Height,94.6666666666667,96.4
SMR02,2017-2018,Tayside,Ninewells Hospital,Weight of Mother at Booking,96,91.4
SMR02,2017-2018,Tayside,Ninewells Hospital,Diabetes,98.6666666666667,97.4
SMR02,2017-2018,Tayside,Ninewells Hospital,Estimated Gestation,97.3333333333333,95.1
SMR02,2017-2018,Tayside,Ninewells Hospital,Induction of Labour,98.6666666666667,92.6
SMR02,2017-2018,Tayside,Ninewells Hospital,Presentation at delivery (Babies 1 to 3),97.3333333333333,81.2
SMR02,2017-2018,Tayside,Ninewells Hospital,Mode of Delivery (Babies 1 to 3),93.3333333333333,98.1
SMR02,2017-2018,Tayside,Ninewells Hospital,Birthweight (Babies 1 to 3),97.3333333333333,99
SMR02,2017-2018,Tayside,Ninewells Hospital,Neonatal Indicator (Babies 1 to 3),98.6666666666667,93.4
SMR02,2017-2018,Tayside,Ninewells Hospital,Feed on Discharge (Babies 1 to 3),100,92.2
SMR02,2017-2018,Tayside,Ninewells Hospital,First Feed Given (Babies 1 to 3),100,92
SMR02,2017-2018,Western Isles,Western Isles Hospital,Indication for Operative Delivery (3-digits),92,92.2
SMR02,2017-2018,Western Isles,Western Isles Hospital,Main Condition (3-digits),40,71.8
SMR02,2017-2018,Western Isles,Western Isles Hospital,Other Conditions (3-digits),46,71
SMR02,2017-2018,Western Isles,Western Isles Hospital,Indication for Operative Delivery (4-digits),88,86.7
SMR02,2017-2018,Western Isles,Western Isles Hospital,Main Condition (4-digits),40,69.4
SMR02,2017-2018,Western Isles,Western Isles Hospital,Other Conditions (4-digits),46,69.7
SMR02,2017-2018,Western Isles,Western Isles Hospital,Ethnic Group,24,75.2
SMR02,2017-2018,Western Isles,Western Isles Hospital,Specialty/Discipline,100,93.6
SMR02,2017-2018,Western Isles,Western Isles Hospital,Transfer of Responsibility Midwife to Consultant,0,67.8
SMR02,2017-2018,Western Isles,Western Isles Hospital,Booking Date,88,91.5
SMR02,2017-2018,Western Isles,Western Isles Hospital,Original Booking,100,97.5
SMR02,2017-2018,Western Isles,Western Isles Hospital,Drugs Misuse During This Pregnancy,96,87.9
SMR02,2017-2018,Western Isles,Western Isles Hospital,Drugs Used,96,87.4
SMR02,2017-2018,Western Isles,Western Isles Hospital,Ever Injected Illicit Drugs,96,87.9
SMR02,2017-2018,Western Isles,Western Isles Hospital,Smoking History at Booking,91.66666666666667,92.7
SMR02,2017-2018,Western Isles,Western Isles Hospital,Smoker during pregnancy,91.66666666666667,92.4
SMR02,2017-2018,Western Isles,Western Isles Hospital,Height,92,96.4
SMR02,2017-2018,Western Isles,Western Isles Hospital,Weight of Mother at Booking,56,91.4
SMR02,2017-2018,Western Isles,Western Isles Hospital,Diabetes,96,97.4
SMR02,2017-2018,Western Isles,Western Isles Hospital,Estimated Gestation,96,95.1
SMR02,2017-2018,Western Isles,Western Isles Hospital,Induction of Labour,84,92.6
SMR02,2017-2018,Western Isles,Western Isles Hospital,Presentation at delivery (Babies 1 to 3),76,81.2
SMR02,2017-2018,Western Isles,Western Isles Hospital,Mode of Delivery (Babies 1 to 3),96,98.1
SMR02,2017-2018,Western Isles,Western Isles Hospital,Birthweight (Babies 1 to 3),100,99
SMR02,2017-2018,Western Isles,Western Isles Hospital,Neonatal Indicator (Babies 1 to 3),100,93.4
SMR02,2017-2018,Western Isles,Western Isles Hospital,Feed on Discharge (Babies 1 to 3),96,92.2
SMR02,2017-2018,Western Isles,Western Isles Hospital,First Feed Given (Babies 1 to 3),80,92
